Name,Date,Season,Phase,Position,Team,Birthyear,Weight,Size,10m Off,20m Off,30m Off,5_10_5,10m Off_index,20m Off_index,30m Off_index,5_10_5_index,Speed_index,10m Off_index_distance,20m Off_index_distance,30m Off_index_distance,5_10_5_index_distance,speed_index_distance,CMJ W/kg,SJ W/kg,SL CMJ L,SL CMJ R,CMJ W/kg_index,SJ W/kg_index,SL CMJ L_index,SL CMJ R_index,power_index,CMJ W/kg_index_distance,SJ W/kg_index_distance,SL CMJ L_index_distance,SL CMJ R_index_distance,power_index_distance,WG Ppeak,WG Ppeak W/kg,3min MMP,3min W/kg,WG Pavg W/kg,WG Ppeak_index,WG Ppeak W/kg_index,3min MMP_index,3min W/kg_index,WG Pavg W/kg_index,Endurance_index,WG Ppeak_index_distance,WG Ppeak W/kg_index_distance,3min MMP_index_distance,3min W/kg_index_distance,WG Pavg W/kg_index_distance,endurance_index_distance,IMTP,IMTP_index,IMTP_index_distance,AD Mx F 60 L,AD Mx F 60 R,AB Mx F 60 L,AB Mx F 60 R,AD Mx F 60 L_index,AD Mx F 60 R_index,AB Mx F 60 L_index,AB Mx F 60 R_index,Hip_index,AD Mx F 60 L_index_distance,AD Mx F 60 R_index_distance,AB Mx F 60 L_index_distance,AB Mx F 60 R_index_distance,hip_index_distance,SH Int L,SH Int R,SH Ext L,SH Ext R,SH Int L_index,SH Int R_index,SH Ext L_index,SH Ext R_index,Shoulder_index,SH Int L_index_distance,SH Int R_index_distance,SH Ext L_index_distance,SH Ext R_index_distance,shoulder_index_distance,Improvement_Recommendation,Best_Skill,Improvement_Recommendation_Category,Best_Skill_Category,assignedLine
A AF,2023-04-24,23/24,Pre-Season,W,NL,1992,85.0,181.0,1.84,3.11,,4.52,50.0,60.0,,66.0,59.0,-2.0,-4.0,0.0,5.0,0.0,54.7,,,,35.0,,,,35.0,-5.0,0.0,0.0,0.0,0.0,1107.0,13.0,316.0,3.72,,20.0,32.0,8.0,8.0,,17.0,-25.200000000000003,-28.0,-35.0,-42.0,0.0,-29.0,,,0.0,,,,,,,,,,0.0,0.0,0.0,0.0,0.0,,,,,,,,,,0.0,0.0,0.0,0.0,0.0,3min W/kg,5_10_5,endurance,power,Line 1
A AF,2023-07-31,23/24,Pre-Season,W,NL,1992,87.5,182.5,1.81,3.07,,4.47,57.0,68.0,,73.0,66.0,0.4000000000000057,4.0,0.0,12.0,5.0,58.9,62.0,,,48.0,51.0,,,50.0,3.200000000000003,14.0,0.0,0.0,8.0,1345.0,15.3714285714286,359.0,4.1,,42.0,60.0,26.0,24.0,,38.0,-3.200000000000003,0.0,-17.0,-26.0,0.0,-8.0,,,0.0,517.0,558.0,400.625,406.75,62.0,70.0,20.0,26.0,44.0,1.0,8.0,-24.0,-19.5,-9.5,,,,,,,,,,0.0,0.0,0.0,0.0,0.0,3min W/kg,SJ W/kg,hip,power,Line 1
A AF,2024-04-22,24/25,Pre-Season,W,NL,1992,86.0,182.2,1.92,,4.41,4.45,30.0,,43.0,76.0,50.0,-22.0,0.0,-19.0,15.0,-7.0,58.6,59.1,36.7,36.3,47.0,43.0,44.0,40.0,44.0,2.200000000000003,6.0,8.0,7.0,2.0,1269.0,,351.0,4.08,9.32,35.0,,23.0,23.0,34.0,29.0,-10.200000000000005,0.0,-20.0,-27.0,-12.0,-17.0,2754.0,23.0,-12.0,501.0,551.0,362.0,339.0,59.0,69.0,9.0,8.0,36.0,-2.0,7.0,-35.0,-37.5,-17.5,160.0,190.0,165.0,177.0,17.0,44.0,38.0,50.0,37.0,-11.0,2.0,-11.0,-7.0,-7.0,AB Mx F 60 R,5_10_5,hip,power,Line 1
A AF,2024-06-24,24/25,Pre-Season,W,NL,1992,87.5,182.2,1.84,,4.34,4.46,50.0,,51.0,74.0,58.0,-2.0,0.0,-11.0,13.0,0.0,59.7,58.7,36.2,35.5,50.0,42.0,41.0,36.0,42.0,5.200000000000003,5.0,5.0,3.0,0.0,1376.0,,,,8.69,45.0,,,,19.0,32.0,-0.2000000000000028,0.0,0.0,0.0,-27.0,-14.0,3040.0,38.0,3.0,512.0,531.0,370.0,366.0,61.0,65.0,11.0,15.0,38.0,0.0,3.0,-33.0,-30.5,-15.5,198.0,233.0,166.0,177.0,33.0,60.0,39.0,50.0,46.0,5.0,18.0,-10.0,-7.0,2.0,AB Mx F 60 L,SH Int R,hip,IMTP,Line 1
A AF,2024-08-07,24/25,Pre-Season,W,NL,1992,91.0,182.0,1.8,,4.25,4.56,60.0,,62.0,61.0,61.0,3.4000000000000057,0.0,0.0,0.0,0.0,57.1,56.5,34.6,35.0,42.0,36.0,34.0,34.0,36.0,0.0,-1.0,-2.0,1.0,0.0,1419.0,,370.0,4.15,8.87,49.0,,31.0,26.0,24.0,32.0,0.0,0.0,-12.0,-24.0,-22.0,-14.0,3202.0,47.0,12.0,544.0,548.0,389.0,372.0,68.0,68.0,17.0,17.0,42.0,7.0,6.0,-27.0,-28.5,-11.5,230.0,216.0,169.0,194.0,46.0,54.0,40.0,57.0,49.0,18.0,12.0,-9.0,0.0,5.0,AB Mx F 60 R,SH Int L,endurance,IMTP,Line 1
AA BF,2023-07-31,23/24,Pre-Season,W,NL,1995,102.2,179.0,1.79,2.96,,4.44,62.0,92.0,,77.0,77.0,5.400000000000006,28.0,0.0,16.0,16.0,57.8,58.7,,,44.0,42.0,,,43.0,0.0,5.0,0.0,0.0,1.0,1605.0,15.7045009784736,415.0,4.06,,66.0,64.0,49.0,22.0,,50.0,16.200000000000003,4.0,6.0,-28.0,0.0,0.0,,,0.0,500.0,499.0,542.0,537.0,58.0,58.0,59.0,59.0,58.0,-3.0,-4.0,15.0,13.5,4.5,,,,,,,,,,0.0,0.0,0.0,0.0,0.0,3min W/kg,20m Off,endurance,speed,Line 1
AA BF,2024-08-07,24/25,Pre-Season,W,NL,1995,100.0,179.0,1.72,,4.01,4.69,79.0,,89.0,43.0,70.0,22.40000000000001,0.0,27.0,-18.0,9.0,56.7,58.3,37.7,38.6,41.0,41.0,48.0,51.0,45.0,0.0,4.0,12.0,18.0,3.0,1881.0,,439.0,4.43,9.93,92.0,,59.0,38.0,48.0,59.0,42.2,0.0,16.0,-12.0,2.0,9.0,2739.0,22.0,-13.0,435.0,437.0,527.0,527.0,44.0,44.0,55.0,57.0,50.0,-17.0,-18.0,11.0,11.5,-3.5,249.0,246.0,266.0,274.0,54.0,65.0,92.0,90.0,75.0,26.0,23.0,43.0,33.0,31.0,5_10_5,SH Ext L,IMTP,shoulder,Line 1
AB BG,2023-04-24,23/24,Pre-Season,W,NL,1997,85.1,178.5,,,,,,,,,,0.0,0.0,0.0,0.0,0.0,,,,,,,,,,0.0,0.0,0.0,0.0,0.0,,,,,,,,,,,,0.0,0.0,0.0,0.0,0.0,0.0,,,0.0,,,,,,,,,,0.0,0.0,0.0,0.0,0.0,,,,,,,,,,0.0,0.0,0.0,0.0,0.0,10m Off,10m Off,power,power,Line 1
AB BG,2023-07-31,23/24,Pre-Season,W,NL,1997,84.4,178.5,1.78,3.02,,,65.0,79.0,,,72.0,8.400000000000006,15.0,0.0,0.0,11.0,67.3,66.1,,,73.0,63.0,,,68.0,28.200000000000003,26.0,0.0,0.0,26.0,1443.0,17.0971563981043,,,,51.0,80.0,,,,66.0,1.2000000000000028,20.0,0.0,0.0,0.0,16.0,,,0.0,398.0,421.0,487.25,437.25,36.0,41.0,44.0,34.0,39.0,-25.0,-21.0,0.0,-11.5,-14.5,,,,,,,,,,0.0,0.0,0.0,0.0,0.0,AD Mx F 60 L,CMJ W/kg,hip,power,Line 1
AB BG,2024-04-22,24/25,Pre-Season,W,NL,1997,83.7,179.0,,,,,,,,,,0.0,0.0,0.0,0.0,0.0,71.4,70.8,45.2,45.9,85.0,76.0,84.0,88.0,83.0,40.2,39.0,48.0,55.0,41.0,1599.0,,394.0,4.75,10.45,65.0,,41.0,51.0,60.0,54.0,15.200000000000005,0.0,-2.0,1.0,14.0,4.0,2976.0,35.0,0.0,550.0,571.0,488.0,495.0,70.0,73.0,44.0,49.0,59.0,9.0,11.0,0.0,3.5,5.5,226.0,184.0,165.0,173.0,44.0,41.0,38.0,48.0,43.0,16.0,-1.0,-11.0,-9.0,-1.0,SH Ext L,SL CMJ R,shoulder,power,Line 1
AB BG,2024-06-24,24/25,Pre-Season,W,NL,1997,86.0,179.0,1.75,,4.11,4.46,72.0,,78.0,74.0,75.0,15.400000000000006,0.0,16.0,13.0,14.0,73.3,,46.4,45.6,90.0,,89.0,86.0,88.0,45.2,0.0,53.0,53.0,46.0,1648.0,,,,10.69,70.0,,,,66.0,68.0,20.200000000000003,0.0,0.0,0.0,20.0,18.0,2965.0,34.0,-1.0,561.0,580.0,544.0,522.0,72.0,75.0,60.0,56.0,66.0,11.0,13.0,16.0,10.5,12.5,179.0,171.0,109.0,202.0,25.0,36.0,8.0,60.0,32.0,-3.0,-6.0,-41.0,3.0,-12.0,SH Ext L,SL CMJ L,shoulder,power,Line 1
AB BG,2024-08-07,24/25,Pre-Season,W,NL,1997,83.3,179.0,1.69,,3.99,4.49,87.0,,92.0,70.0,83.0,30.40000000000001,0.0,30.0,9.0,22.0,73.7,70.2,46.9,43.2,92.0,74.0,92.0,74.0,83.0,47.2,37.0,56.0,41.0,41.0,1526.0,,405.0,4.88,11.82,59.0,,45.0,57.0,92.0,63.0,9.200000000000005,0.0,2.0,7.0,46.0,13.0,2885.0,30.0,-5.0,519.0,525.0,449.0,448.0,63.0,63.0,33.0,36.0,49.0,2.0,1.0,-11.0,-9.5,-4.5,199.0,175.0,180.0,196.0,33.0,38.0,46.0,58.0,44.0,5.0,-4.0,-3.0,1.0,0.0,AB Mx F 60 L,SL CMJ L,IMTP,power,Line 1
AC BH,2023-04-24,23/24,Pre-Season,D,NL,2000,78.8,172.5,1.82,3.03,,4.39,55.0,77.0,,84.0,72.0,0.0,13.0,0.0,23.0,11.0,64.2,,,,63.0,,,,63.0,18.200000000000003,0.0,0.0,0.0,21.0,1163.0,14.8,339.0,4.29,,25.0,53.0,18.0,32.0,,32.0,-20.200000000000003,-7.0,-25.0,-18.0,0.0,-14.0,,,0.0,,,,,,,,,,0.0,0.0,0.0,0.0,0.0,,,,,,,,,,0.0,0.0,0.0,0.0,0.0,3min MMP,5_10_5,endurance,power,Line 1
AC BH,2023-07-31,23/24,Pre-Season,D,NL,2000,78.8,173.0,1.76,3.02,,4.4,70.0,79.0,,82.0,77.0,13.400000000000006,15.0,0.0,21.0,16.0,70.8,62.5,,,83.0,53.0,,,68.0,38.2,16.0,0.0,0.0,26.0,1287.0,16.3324873096447,366.0,4.64,,36.0,71.0,29.0,47.0,,46.0,-9.200000000000005,11.0,-14.0,-3.0,0.0,0.0,,,0.0,410.0,424.0,439.625,432.0,38.0,41.0,31.0,32.0,36.0,-23.0,-21.0,-13.0,-13.5,-17.5,,,,,,,,,,0.0,0.0,0.0,0.0,0.0,AD Mx F 60 L,CMJ W/kg,hip,power,Line 1
AC BH,2024-04-22,24/25,Pre-Season,D,NL,2000,80.5,174.5,1.81,,4.27,4.52,57.0,,59.0,66.0,61.0,0.4000000000000057,0.0,-3.0,5.0,0.0,68.0,60.2,40.1,39.6,75.0,46.0,60.0,56.0,59.0,30.200000000000003,9.0,24.0,23.0,17.0,1390.0,,369.0,4.6,8.99,46.0,,30.0,45.0,26.0,37.0,0.0,0.0,-13.0,-5.0,-20.0,-9.0,2641.0,17.0,-18.0,445.5,467.25,449.5,445.75,46.0,51.0,34.0,36.0,42.0,-15.0,-11.0,-10.0,-9.5,-11.5,161.0,211.0,177.0,213.0,17.0,52.0,44.0,65.0,44.0,-11.0,10.0,-5.0,8.0,0.0,WG Pavg W/kg,CMJ W/kg,IMTP,power,Line 1
AC BH,2024-06-24,24/25,Pre-Season,D,NL,2000,78.5,174.5,1.76,,4.23,4.35,70.0,,64.0,89.0,74.0,13.400000000000006,0.0,2.0,28.0,13.0,67.8,64.6,42.3,42.2,74.0,59.0,70.0,69.0,68.0,29.200000000000003,22.0,34.0,36.0,26.0,1381.0,,,,9.98,45.0,,,,49.0,47.0,-0.2000000000000028,0.0,0.0,0.0,3.0,0.0,2572.0,14.0,-21.0,433.0,455.0,451.0,433.0,44.0,48.0,34.0,33.0,40.0,-17.0,-14.0,-10.0,-12.5,-13.5,183.0,176.0,142.0,188.0,26.0,38.0,26.0,54.0,36.0,-2.0,-4.0,-23.0,-3.0,-8.0,SH Ext L,SL CMJ R,IMTP,power,Line 1
AC BH,2024-08-07,24/25,Pre-Season,D,NL,2000,79.0,174.5,1.75,,4.15,4.37,72.0,,73.0,86.0,77.0,15.400000000000006,0.0,11.0,25.0,16.0,70.3,66.0,40.6,41.9,82.0,63.0,62.0,68.0,69.0,37.2,26.0,26.0,35.0,27.0,1410.0,,369.0,4.75,9.97,48.0,,30.0,51.0,49.0,44.0,0.0,0.0,-13.0,1.0,3.0,-2.0,2671.0,19.0,-16.0,450.0,456.0,485.0,465.0,47.0,48.0,44.0,41.0,45.0,-14.0,-14.0,0.0,-4.5,-8.5,182.0,137.0,182.0,209.0,26.0,23.0,47.0,63.0,40.0,-2.0,-19.0,-2.0,6.0,-4.0,SH Int R,CMJ W/kg,IMTP,power,Line 1
AC BI,2023-04-24,23/24,Pre-Season,W,NL,1995,89.7,184.5,1.85,3.15,,4.56,48.0,51.0,,61.0,53.0,-4.0,-13.0,0.0,0.0,-4.0,54.4,,,,34.0,,,,34.0,-6.0,0.0,0.0,0.0,-1.0,1246.0,13.9,416.0,4.67,,32.0,43.0,50.0,48.0,,43.0,-13.200000000000005,-17.0,7.0,-2.0,0.0,-3.0,,,0.0,,,,,,,,,,0.0,0.0,0.0,0.0,0.0,,,,,,,,,,0.0,0.0,0.0,0.0,0.0,WG Ppeak W/kg,3min MMP,speed,IMTP,
AC BI,2023-07-31,23/24,Pre-Season,W,NL,1995,89.3,185.0,1.86,3.2,,4.59,45.0,40.0,,57.0,47.0,-7.0,-24.0,0.0,-4.0,-10.0,56.0,54.1,,,39.0,29.0,,,34.0,-1.0,-8.0,0.0,0.0,-1.0,1612.0,18.0515117581187,450.0,5.06,,67.0,91.0,64.0,64.0,,72.0,17.200000000000003,31.0,21.0,14.0,0.0,22.0,,,0.0,554.0,615.0,506.875,497.25,70.0,83.0,50.0,49.0,63.0,9.0,21.0,6.0,3.5,9.5,,,,,,,,,,0.0,0.0,0.0,0.0,0.0,20m Off,WG Ppeak W/kg,speed,endurance,
AC BI,2024-04-22,24/25,Pre-Season,W,NL,1995,87.8,184.5,1.93,,4.46,4.58,28.0,,37.0,58.0,41.0,-24.0,0.0,-25.0,-3.0,-16.0,55.3,54.0,29.2,31.1,37.0,29.0,8.0,14.0,22.0,-3.0,-8.0,-28.0,-19.0,-13.0,1561.0,,453.0,5.15,10.11,62.0,,65.0,68.0,52.0,62.0,12.200000000000005,0.0,22.0,18.0,6.0,12.0,3018.0,37.0,2.0,562.75,582.75,470.0,443.5,72.0,76.0,39.0,35.0,56.0,11.0,14.0,-5.0,-10.5,2.5,156.0,162.0,190.0,198.0,15.0,33.0,51.0,59.0,40.0,-13.0,-9.0,2.0,2.0,-4.0,SL CMJ L,3min MMP,speed,endurance,
AC BI,2024-06-24,24/25,Pre-Season,W,NL,1995,86.9,184.5,1.81,,4.28,4.55,57.0,,58.0,62.0,59.0,0.4000000000000057,0.0,-4.0,1.0,0.0,56.3,55.4,29.6,30.3,40.0,33.0,10.0,10.0,23.0,0.0,-4.0,-26.0,-23.0,-12.0,1703.0,,,,11.11,75.0,,,,75.0,75.0,25.200000000000003,0.0,0.0,0.0,29.0,25.0,3029.0,38.0,3.0,563.0,602.0,531.0,494.0,72.0,80.0,56.0,48.0,64.0,11.0,18.0,12.0,2.5,10.5,146.0,155.0,171.0,200.0,11.0,30.0,41.0,59.0,35.0,-17.0,-12.0,-8.0,2.0,-9.0,SL CMJ L,WG Pavg W/kg,power,endurance,
AC BI,2024-08-07,24/25,Pre-Season,W,NL,1995,86.7,184.5,,,,,,,,,,0.0,0.0,0.0,0.0,0.0,,,,,,,,,,0.0,0.0,0.0,0.0,0.0,1571.0,,452.0,5.2,10.58,63.0,,64.0,70.0,63.0,65.0,13.200000000000005,0.0,21.0,20.0,17.0,15.0,3029.0,38.0,3.0,582.0,611.0,511.0,458.0,77.0,82.0,51.0,39.0,62.0,16.0,20.0,7.0,-6.5,8.5,140.0,140.0,197.0,182.0,8.0,24.0,55.0,52.0,35.0,-20.0,-18.0,6.0,-5.0,-9.0,SH Int L,3min MMP,shoulder,endurance,
AE BJ,2024-06-24,24/25,Pre-Season,C,Prospect,2002,81.9,,1.88,,4.53,4.73,40.0,,29.0,38.0,36.0,-12.0,0.0,-33.0,-23.0,-21.0,51.9,49.0,29.7,30.9,27.0,15.0,11.0,13.0,16.0,-13.0,-22.0,-25.0,-20.0,-19.0,1127.0,,,,9.99,21.0,,,,49.0,35.0,-24.200000000000003,0.0,0.0,0.0,3.0,-11.0,2942.0,33.0,-2.0,525.0,539.0,409.0,455.0,64.0,66.0,22.0,38.0,48.0,3.0,4.0,-22.0,-7.5,-5.5,207.0,174.0,202.0,179.0,36.0,37.0,58.0,51.0,46.0,8.0,-5.0,9.0,-6.0,2.0,30m Off,SH Ext L,speed,shoulder,
B AG,2023-04-24,23/24,Pre-Season,D,NL,1995,97.8,191.5,1.97,3.34,,4.8,18.0,10.0,,28.0,19.0,-34.0,-54.0,0.0,-33.0,-38.0,52.6,,,,29.0,,,,29.0,-11.0,0.0,0.0,0.0,-6.0,1030.0,11.1,364.0,3.72,,12.0,10.0,28.0,8.0,,14.0,-33.2,-50.0,-15.0,-42.0,0.0,-32.0,,,0.0,,,,,,,,,,0.0,0.0,0.0,0.0,0.0,,,,,,,,,,0.0,0.0,0.0,0.0,0.0,20m Off,30m Off,speed,IMTP,
B AG,2023-07-31,23/24,Pre-Season,D,NL,1995,95.6,191.5,1.94,3.29,,4.87,25.0,21.0,,19.0,22.0,-27.0,-43.0,0.0,-42.0,-35.0,57.2,55.5,,,43.0,33.0,,,38.0,0.0,-4.0,0.0,0.0,0.0,1289.0,13.4832635983264,372.0,3.9,,36.0,38.0,31.0,16.0,,30.0,-9.200000000000005,-22.0,-12.0,-34.0,0.0,-16.0,,,0.0,506.0,521.0,418.5,459.25,60.0,62.0,25.0,39.0,46.0,-1.0,0.0,-19.0,-6.5,-7.5,,,,,,,,,,0.0,0.0,0.0,0.0,0.0,20m Off,30m Off,speed,power,
B AG,2024-06-24,24/25,Pre-Season,D,NL,1995,95.1,191.5,2.01,,4.71,,8.0,,8.0,,8.0,-44.0,0.0,-54.0,0.0,-49.0,52.4,50.1,32.3,31.4,28.0,18.0,23.0,16.0,21.0,-12.0,-19.0,-13.0,-17.0,-14.0,1314.0,,,,9.15,39.0,,,,30.0,34.0,-6.200000000000003,0.0,0.0,0.0,-16.0,-12.0,3267.0,50.0,15.0,494.0,504.0,404.0,478.0,57.0,59.0,21.0,44.0,45.0,-4.0,-3.0,-23.0,-1.5,-8.5,166.0,161.0,163.0,181.0,19.0,32.0,37.0,51.0,35.0,-9.0,-10.0,-12.0,-6.0,-9.0,30m Off,IMTP,speed,IMTP,
B AG,2024-08-07,24/25,Pre-Season,D,NL,1995,99.4,192.5,1.97,,4.7,4.95,18.0,,9.0,8.0,12.0,-34.0,0.0,-53.0,-53.0,-45.0,53.4,52.6,34.0,31.1,31.0,25.0,31.0,14.0,25.0,-9.0,-12.0,-5.0,-19.0,-10.0,1312.0,,391.0,4.09,10.1,39.0,,39.0,24.0,52.0,38.0,-6.200000000000003,0.0,-4.0,-26.0,6.0,-8.0,3281.0,51.0,16.0,429.0,469.0,491.0,432.0,43.0,51.0,45.0,32.0,43.0,-18.0,-11.0,1.0,-13.5,-10.5,152.0,204.0,189.0,204.0,13.0,49.0,51.0,61.0,44.0,-15.0,7.0,2.0,4.0,0.0,30m Off,IMTP,speed,IMTP,
C AH,2024-04-22,24/25,Pre-Season,D,NL,1996,,,,,,,,,,,,0.0,0.0,0.0,0.0,0.0,52.2,,,,28.0,,,,28.0,-12.0,0.0,0.0,0.0,-7.0,,,,,,,,,,,,0.0,0.0,0.0,0.0,0.0,0.0,,,0.0,,,,,,,,,,0.0,0.0,0.0,0.0,0.0,,,,,,,,,,0.0,0.0,0.0,0.0,0.0,CMJ W/kg,10m Off,power,speed,
C Phil,2024-06-24,24/25,Pre-Season,C,NL,1999,101.6,184.0,1.88,,4.36,4.76,40.0,,49.0,34.0,41.0,-12.0,0.0,-13.0,-27.0,-16.0,52.6,51.2,33.9,34.4,29.0,21.0,30.0,31.0,28.0,-11.0,-16.0,-6.0,-2.0,-7.0,1440.0,,,,8.49,51.0,,,,15.0,33.0,1.2000000000000028,0.0,0.0,0.0,-31.0,-13.0,3509.0,63.0,28.0,557.0,603.0,592.0,640.0,71.0,80.0,73.0,86.0,78.0,10.0,18.0,29.0,40.5,24.5,165.0,152.0,198.0,187.0,19.0,29.0,56.0,54.0,40.0,-9.0,-13.0,7.0,-3.0,-4.0,WG Pavg W/kg,AB Mx F 60 R,speed,IMTP,
C Phil,2024-08-07,24/25,Pre-Season,C,NL,1999,98.1,184.0,1.82,,4.36,4.68,55.0,,49.0,45.0,50.0,0.0,0.0,-13.0,-16.0,-7.0,51.3,49.8,33.6,35.3,25.0,17.0,29.0,35.0,26.0,-15.0,-20.0,-7.0,2.0,-9.0,1486.0,,466.0,4.81,9.17,55.0,,70.0,54.0,30.0,52.0,5.200000000000003,0.0,27.0,4.0,-16.0,2.0,3742.0,75.0,40.0,550.0,592.0,569.0,570.0,70.0,78.0,67.0,68.0,71.0,9.0,16.0,23.0,22.5,17.5,184.0,189.0,218.0,201.0,27.0,43.0,66.0,60.0,49.0,-1.0,1.0,17.0,3.0,5.0,SJ W/kg,IMTP,power,IMTP,
D AI,2023-04-24,23/24,Pre-Season,W,NL,1998,104.0,183.5,1.88,3.13,,4.69,40.0,55.0,,43.0,46.0,-12.0,-9.0,0.0,-18.0,-11.0,53.6,,,,32.0,,,,32.0,-8.0,0.0,0.0,0.0,-3.0,1280.0,12.3,469.0,4.51,,36.0,24.0,71.0,41.0,,43.0,-9.200000000000005,-36.0,28.0,-9.0,0.0,-3.0,,,0.0,,,,,,,,,,0.0,0.0,0.0,0.0,0.0,,,,,,,,,,0.0,0.0,0.0,0.0,0.0,WG Ppeak W/kg,3min MMP,speed,IMTP,
D AI,2023-07-31,23/24,Pre-Season,W,NL,1998,104.3,184.0,1.87,3.19,,4.58,43.0,43.0,,58.0,48.0,-9.0,-21.0,0.0,-3.0,-9.0,55.2,57.9,,,37.0,40.0,,,38.0,-3.0,3.0,0.0,0.0,0.0,1713.0,16.4237775647172,483.0,5.72,,76.0,72.0,77.0,92.0,,79.0,26.200000000000003,12.0,34.0,42.0,0.0,29.0,,,0.0,604.0,626.0,629.75,654.125,82.0,85.0,84.0,90.0,85.0,21.0,23.0,40.0,44.5,31.5,,,,,,,,,,0.0,0.0,0.0,0.0,0.0,20m Off,AB Mx F 60 R,speed,hip,
D AI,2024-04-22,24/25,Pre-Season,W,NL,1998,98.4,184.0,1.87,,4.36,4.75,43.0,,49.0,35.0,42.0,-9.0,0.0,-13.0,-26.0,-15.0,54.2,50.7,34.2,35.1,34.0,20.0,32.0,34.0,30.0,-6.0,-17.0,-4.0,1.0,-5.0,1427.0,,444.0,4.51,8.42,49.0,,61.0,41.0,13.0,41.0,0.0,0.0,18.0,-9.0,-33.0,-5.0,3350.0,54.0,19.0,513.25,546.75,568.0,578.5,61.0,68.0,67.0,70.0,66.0,0.0,6.0,23.0,24.5,12.5,232.0,251.0,165.0,195.0,47.0,67.0,38.0,57.0,52.0,19.0,25.0,-11.0,0.0,8.0,WG Pavg W/kg,SH Int R,speed,IMTP,
D AI,2024-06-24,24/25,Pre-Season,W,NL,1998,102.4,184.0,1.83,,4.35,4.62,52.0,,50.0,53.0,52.0,0.0,0.0,-12.0,-8.0,-5.0,51.4,49.3,30.9,32.8,25.0,16.0,16.0,23.0,20.0,-15.0,-21.0,-20.0,-10.0,-15.0,1579.0,,,,8.99,64.0,,,,26.0,45.0,14.200000000000005,0.0,0.0,0.0,-20.0,-1.0,4062.0,92.0,57.0,563.0,587.0,641.0,662.0,72.0,77.0,87.0,92.0,82.0,11.0,15.0,43.0,46.5,28.5,323.0,266.0,195.0,204.0,85.0,73.0,54.0,61.0,68.0,57.0,31.0,5.0,4.0,24.0,SJ W/kg,IMTP,power,IMTP,
D AI,2024-08-07,24/25,Pre-Season,W,NL,1998,99.9,184.0,1.84,,4.33,4.58,50.0,,52.0,58.0,53.0,-2.0,0.0,-10.0,-3.0,-4.0,53.8,54.2,32.3,34.5,32.0,29.0,23.0,31.0,29.0,-8.0,-8.0,-13.0,-2.0,-6.0,1459.0,,472.0,4.81,9.03,52.0,,73.0,54.0,27.0,52.0,2.200000000000003,0.0,30.0,4.0,-19.0,2.0,3978.0,87.0,52.0,549.0,588.0,623.0,610.0,69.0,77.0,82.0,78.0,76.0,8.0,15.0,38.0,32.5,22.5,339.0,314.0,201.0,221.0,92.0,92.0,57.0,68.0,77.0,64.0,50.0,8.0,11.0,33.0,WG Pavg W/kg,SH Int L,power,IMTP,
E AJ,2023-04-24,23/24,Pre-Season,W,NL,1994,79.0,176.5,1.87,3.18,,4.56,43.0,45.0,,61.0,50.0,-9.0,-19.0,0.0,0.0,-7.0,53.7,,,,32.0,,,,32.0,-8.0,0.0,0.0,0.0,-3.0,1130.0,13.9,385.0,4.87,,22.0,43.0,37.0,56.0,,40.0,-23.200000000000003,-17.0,-6.0,6.0,0.0,-6.0,,,0.0,,,,,,,,,,0.0,0.0,0.0,0.0,0.0,,,,,,,,,,0.0,0.0,0.0,0.0,0.0,WG Ppeak,3min W/kg,speed,IMTP,
E AJ,2023-07-31,23/24,Pre-Season,W,NL,1994,81.4,177.0,1.82,3.09,,4.5,55.0,64.0,,69.0,63.0,0.0,0.0,0.0,8.0,2.0,57.7,58.4,,,44.0,41.0,,,42.0,0.0,4.0,0.0,0.0,0.0,1461.0,17.9484029484029,418.0,5.14,,53.0,90.0,50.0,67.0,,65.0,3.200000000000003,30.0,7.0,17.0,0.0,15.0,,,0.0,553.0,544.0,485.0,457.875,70.0,67.0,44.0,39.0,55.0,9.0,5.0,0.0,-6.5,1.5,,,,,,,,,,0.0,0.0,0.0,0.0,0.0,AB Mx F 60 R,WG Ppeak W/kg,power,endurance,
E AJ,2024-04-22,24/25,Pre-Season,W,NL,1994,81.8,177.0,1.89,,4.41,4.55,38.0,,43.0,62.0,48.0,-14.0,0.0,-19.0,1.0,-9.0,56.1,54.7,31.0,30.9,39.0,31.0,17.0,13.0,25.0,-1.0,-6.0,-19.0,-20.0,-10.0,1380.0,,416.0,5.14,9.42,45.0,,50.0,67.0,36.0,50.0,-0.2000000000000028,0.0,7.0,17.0,-10.0,0.0,2895.0,31.0,-4.0,518.0,525.0,479.0,441.0,62.0,63.0,42.0,35.0,50.0,1.0,1.0,-2.0,-10.5,-3.5,158.0,115.0,143.0,78.0,16.0,15.0,26.0,8.0,16.0,-12.0,-27.0,-23.0,-49.0,-28.0,SH Ext R,3min W/kg,shoulder,endurance,
E AJ,2024-06-24,24/25,Pre-Season,W,NL,1994,81.8,177.0,,,,,,,,,,0.0,0.0,0.0,0.0,0.0,58.5,,,,46.0,,,,46.0,1.2000000000000028,0.0,0.0,0.0,4.0,,,,,,,,,,,,0.0,0.0,0.0,0.0,0.0,0.0,,,0.0,,,,,,,,,,0.0,0.0,0.0,0.0,0.0,,,,,,,,,,0.0,0.0,0.0,0.0,0.0,10m Off,power,speed,power,
E AJ,2024-08-07,24/25,Pre-Season,W,NL,1994,80.4,177.0,1.74,,4.14,4.39,75.0,,74.0,84.0,78.0,18.40000000000001,0.0,12.0,23.0,17.0,59.3,60.4,31.2,30.8,49.0,47.0,18.0,13.0,32.0,4.200000000000003,10.0,-18.0,-20.0,-3.0,1361.0,,424.0,5.44,9.57,43.0,,53.0,80.0,40.0,54.0,-2.200000000000003,0.0,10.0,30.0,-6.0,4.0,3041.0,38.0,3.0,575.0,566.0,488.0,482.0,75.0,72.0,44.0,45.0,59.0,14.0,10.0,0.0,-0.5,5.5,160.0,149.0,125.0,102.0,17.0,28.0,17.0,18.0,20.0,-11.0,-14.0,-32.0,-39.0,-24.0,SH Ext R,3min W/kg,shoulder,speed,
F AK,2023-04-24,23/24,Pre-Season,D,NL,1992,94.9,185.0,1.84,3.05,,4.33,50.0,72.0,,92.0,71.0,-2.0,8.0,0.0,31.0,10.0,60.4,,,,52.0,,,,52.0,7.200000000000003,0.0,0.0,0.0,10.0,1441.0,15.2,398.0,4.19,,51.0,58.0,42.0,28.0,,45.0,1.2000000000000028,-2.0,-1.0,-22.0,0.0,-1.0,,,0.0,,,,,,,,,,0.0,0.0,0.0,0.0,0.0,,,,,,,,,,0.0,0.0,0.0,0.0,0.0,3min W/kg,5_10_5,endurance,power,
F AK,2023-07-31,23/24,Pre-Season,D,NL,1992,97.8,185.0,1.83,3.04,,4.46,52.0,75.0,,74.0,67.0,0.0,11.0,0.0,13.0,6.0,60.5,57.8,,,52.0,40.0,,,46.0,7.200000000000003,3.0,0.0,0.0,4.0,1655.0,16.9222903885481,442.0,4.51,,71.0,78.0,60.0,41.0,,62.0,21.200000000000003,18.0,17.0,-9.0,0.0,12.0,,,0.0,593.0,610.0,548.5,537.0,79.0,82.0,61.0,59.0,70.0,18.0,20.0,17.0,13.5,16.5,,,,,,,,,,0.0,0.0,0.0,0.0,0.0,3min W/kg,WG Ppeak,IMTP,hip,
F AK,2024-04-22,24/25,Pre-Season,D,NL,1992,97.8,185.5,,,,,,,,,,0.0,0.0,0.0,0.0,0.0,53.5,,32.9,31.0,32.0,,26.0,14.0,24.0,-8.0,0.0,-10.0,-19.0,-11.0,,,,,,,,,,,,0.0,0.0,0.0,0.0,0.0,0.0,,,0.0,505.0,526.0,511.0,532.0,60.0,64.0,51.0,58.0,58.0,-1.0,2.0,7.0,12.5,4.5,,,,,,,,,,0.0,0.0,0.0,0.0,0.0,SL CMJ R,AB Mx F 60 R,power,hip,
F AK,2024-06-24,24/25,Pre-Season,D,NL,1992,94.7,185.5,1.88,,4.32,,40.0,,53.0,,46.0,-12.0,0.0,-9.0,0.0,-11.0,55.1,54.3,30.5,31.5,36.0,30.0,14.0,16.0,24.0,-4.0,-7.0,-22.0,-17.0,-11.0,1554.0,,,,9.86,61.0,,,,46.0,54.0,11.200000000000005,0.0,0.0,0.0,0.0,4.0,,,0.0,512.0,518.0,533.0,552.0,61.0,62.0,57.0,63.0,61.0,0.0,0.0,13.0,17.5,7.5,,,,,,,,,,0.0,0.0,0.0,0.0,0.0,SL CMJ L,AB Mx F 60 R,power,hip,
F AK,2024-08-07,24/25,Pre-Season,D,NL,1992,98.4,185.0,1.77,,4.18,4.59,67.0,,70.0,57.0,65.0,10.400000000000006,0.0,8.0,-4.0,4.0,54.3,54.2,31.2,30.8,34.0,29.0,18.0,13.0,24.0,-6.0,-8.0,-18.0,-20.0,-11.0,,,465.0,4.8,,,,70.0,53.0,,62.0,0.0,0.0,27.0,3.0,0.0,12.0,3313.0,52.0,17.0,539.0,591.0,590.0,569.0,67.0,78.0,73.0,68.0,72.0,6.0,16.0,29.0,22.5,18.5,216.0,99.0,183.0,112.0,40.0,8.0,48.0,23.0,30.0,12.0,-34.0,-1.0,-34.0,-14.0,SH Int R,AB Mx F 60 L,shoulder,hip,
G AL,2024-04-22,24/25,Pre-Season,W,NL,1998,,,,,,,,,,,,0.0,0.0,0.0,0.0,0.0,55.7,,,,38.0,,,,38.0,-2.0,0.0,0.0,0.0,0.0,,,356.0,,,,,25.0,,,25.0,0.0,0.0,-18.0,0.0,0.0,-21.0,,,0.0,,,,,,,,,,0.0,0.0,0.0,0.0,0.0,,,,,,,,,,0.0,0.0,0.0,0.0,0.0,endurance,10m Off,endurance,power,
G AL,2024-06-24,24/25,Pre-Season,W,NL,1998,80.8,,1.75,,4.06,4.71,72.0,,84.0,41.0,66.0,15.400000000000006,0.0,22.0,-20.0,5.0,52.4,58.6,38.3,37.6,28.0,42.0,51.0,47.0,42.0,-12.0,5.0,15.0,14.0,0.0,1343.0,,,,10.28,42.0,,,,56.0,49.0,-3.200000000000003,0.0,0.0,0.0,10.0,0.0,2829.0,27.0,-8.0,442.0,476.0,379.0,375.0,46.0,53.0,14.0,18.0,33.0,-15.0,-9.0,-30.0,-27.5,-20.5,173.0,169.0,175.0,179.0,22.0,35.0,43.0,51.0,38.0,-6.0,-7.0,-6.0,-6.0,-6.0,AB Mx F 60 L,30m Off,hip,speed,
G AL,2024-08-07,24/25,Pre-Season,W,NL,1998,79.9,189.5,1.77,,4.05,4.59,67.0,,85.0,57.0,70.0,10.400000000000006,0.0,23.0,-4.0,9.0,57.9,58.5,39.8,36.8,45.0,42.0,58.0,43.0,47.0,0.2000000000000028,5.0,22.0,10.0,5.0,1517.0,,405.0,5.06,10.81,58.0,,45.0,64.0,68.0,59.0,8.200000000000003,0.0,2.0,14.0,22.0,9.0,2916.0,32.0,-3.0,464.0,498.0,411.0,384.0,50.0,57.0,23.0,20.0,38.0,-11.0,-5.0,-21.0,-25.5,-15.5,187.0,194.0,178.0,180.0,28.0,45.0,45.0,51.0,42.0,0.0,3.0,-4.0,-6.0,-2.0,AB Mx F 60 R,30m Off,hip,speed,
H AM,2023-04-24,23/24,Pre-Season,C,NL,1999,81.6,179.0,1.89,3.14,,4.69,38.0,53.0,,43.0,45.0,-14.0,-11.0,0.0,-18.0,-12.0,56.2,,,,40.0,,,,40.0,0.0,0.0,0.0,0.0,0.0,1103.0,13.5,364.0,4.46,,19.0,38.0,28.0,39.0,,31.0,-26.200000000000003,-22.0,-15.0,-11.0,0.0,-15.0,,,0.0,,,,,,,,,,0.0,0.0,0.0,0.0,0.0,,,,,,,,,,0.0,0.0,0.0,0.0,0.0,WG Ppeak,30m Off,endurance,power,
H AM,2023-07-31,23/24,Pre-Season,C,NL,1999,86.4,179.5,1.88,3.09,,4.61,40.0,64.0,,54.0,53.0,-12.0,0.0,0.0,-7.0,-4.0,57.2,64.8,,,43.0,59.0,,,51.0,0.0,22.0,0.0,0.0,9.0,1392.0,16.1111111111111,372.0,4.34,,46.0,68.0,31.0,34.0,,45.0,0.0,8.0,-12.0,-16.0,0.0,-1.0,,,0.0,467.0,483.0,410.5,420.0,51.0,54.0,23.0,29.0,39.0,-10.0,-8.0,-21.0,-16.5,-14.5,,,,,,,,,,0.0,0.0,0.0,0.0,0.0,AB Mx F 60 L,SJ W/kg,hip,power,
H AM,2024-04-22,24/25,Pre-Season,C,NL,1999,79.9,179.7,1.84,,4.33,4.69,50.0,,52.0,43.0,48.0,-2.0,0.0,-10.0,-18.0,-9.0,58.8,53.7,37.5,36.4,47.0,28.0,47.0,41.0,41.0,2.200000000000003,-9.0,11.0,8.0,0.0,1218.0,,337.0,4.2,8.6,30.0,,17.0,28.0,17.0,23.0,-15.200000000000005,0.0,-26.0,-22.0,-29.0,-23.0,2823.0,27.0,-8.0,464.0,479.0,471.0,432.0,50.0,53.0,40.0,32.0,44.0,-11.0,-9.0,-4.0,-13.5,-9.5,175.0,181.0,157.0,191.0,23.0,40.0,34.0,56.0,38.0,-5.0,-2.0,-15.0,-1.0,-6.0,WG Pavg W/kg,SL CMJ L,endurance,power,
H AM,2024-06-24,24/25,Pre-Season,C,NL,1999,78.8,179.7,1.78,,4.25,4.57,65.0,,62.0,59.0,62.0,8.400000000000006,0.0,0.0,-2.0,1.0,60.4,56.9,35.4,35.4,52.0,37.0,38.0,36.0,41.0,7.200000000000003,0.0,2.0,3.0,0.0,1369.0,,,,10.76,44.0,,,,67.0,56.0,-1.2000000000000028,0.0,0.0,0.0,21.0,6.0,2942.0,33.0,-2.0,455.0,476.0,418.0,429.0,48.0,53.0,25.0,32.0,40.0,-13.0,-9.0,-19.0,-13.5,-13.5,182.0,185.0,174.0,175.0,26.0,42.0,43.0,49.0,40.0,-2.0,0.0,-6.0,-8.0,-4.0,AB Mx F 60 L,WG Pavg W/kg,hip,endurance,
H AM,2024-08-07,24/25,Pre-Season,C,NL,1999,78.6,180.5,1.72,,4.15,4.47,79.0,,73.0,73.0,75.0,22.40000000000001,0.0,11.0,12.0,14.0,60.6,56.3,39.1,36.2,53.0,35.0,55.0,40.0,46.0,8.200000000000003,-2.0,19.0,7.0,4.0,1363.0,,367.0,4.71,10.71,43.0,,29.0,50.0,66.0,47.0,-2.200000000000003,0.0,-14.0,0.0,20.0,0.0,3026.0,37.0,2.0,476.0,455.0,430.0,420.0,53.0,48.0,28.0,29.0,40.0,-8.0,-14.0,-16.0,-16.5,-13.5,221.0,205.0,186.0,191.0,42.0,49.0,49.0,56.0,49.0,14.0,7.0,0.0,-1.0,5.0,AB Mx F 60 R,10m Off,hip,speed,
I AN,2024-04-22,24/25,Pre-Season,C,NL,1998,94.0,194.0,,,,,,,,,,0.0,0.0,0.0,0.0,0.0,52.9,,,,30.0,,,,30.0,-10.0,0.0,0.0,0.0,-5.0,1557.0,,359.0,3.81,8.24,61.0,,26.0,12.0,9.0,27.0,11.200000000000005,0.0,-17.0,-38.0,-37.0,-19.0,,,0.0,,,,,,,,,,0.0,0.0,0.0,0.0,0.0,,,,,,,,,,0.0,0.0,0.0,0.0,0.0,3min W/kg,WG Ppeak,endurance,speed,
I AN,2024-06-24,24/25,Pre-Season,C,NL,1998,94.0,194.0,,,,,,,,,,0.0,0.0,0.0,0.0,0.0,56.8,56.4,31.9,31.0,41.0,36.0,21.0,14.0,28.0,0.0,-1.0,-15.0,-19.0,-7.0,,,,,,,,,,,,0.0,0.0,0.0,0.0,0.0,0.0,,,0.0,444.0,470.0,375.0,423.0,46.0,51.0,13.0,30.0,35.0,-15.0,-11.0,-31.0,-15.5,-18.5,260.0,197.0,187.0,172.0,59.0,46.0,50.0,48.0,51.0,31.0,4.0,1.0,-9.0,7.0,AB Mx F 60 L,SH Int L,hip,shoulder,
I AN,2024-08-07,24/25,Pre-Season,C,NL,1998,96.0,194.5,1.84,,4.19,4.73,50.0,,69.0,38.0,52.0,-2.0,0.0,7.0,-23.0,-5.0,56.4,54.7,30.3,30.0,40.0,31.0,14.0,9.0,24.0,0.0,-6.0,-22.0,-24.0,-11.0,1521.0,,394.0,4.06,8.84,58.0,,41.0,22.0,23.0,36.0,8.200000000000003,0.0,-2.0,-28.0,-23.0,-10.0,,,0.0,451.0,452.0,390.0,410.0,48.0,48.0,17.0,27.0,35.0,-13.0,-14.0,-27.0,-18.5,-18.5,274.0,277.0,180.0,195.0,64.0,77.0,46.0,57.0,61.0,36.0,35.0,-3.0,0.0,17.0,3min W/kg,SH Int L,hip,shoulder,
J AO,2023-07-31,23/24,Pre-Season,G,NL,1992,86.5,185.0,1.78,3.0,,4.67,65.0,83.0,,46.0,65.0,8.400000000000006,19.0,0.0,-15.0,4.0,63.9,63.8,,,62.0,56.0,,,59.0,17.200000000000003,19.0,0.0,0.0,17.0,1498.0,17.3179190751445,410.0,4.74,,56.0,82.0,47.0,51.0,,59.0,6.200000000000003,22.0,4.0,1.0,0.0,9.0,,,0.0,514.0,510.0,481.25,484.375,62.0,60.0,42.0,46.0,52.0,1.0,-2.0,-2.0,0.5,-1.5,,,,,,,,,,0.0,0.0,0.0,0.0,0.0,5_10_5,WG Ppeak W/kg,hip,power,
J AO,2024-08-07,24/25,Pre-Season,G,NL,1992,86.7,185.5,1.78,,4.16,4.51,65.0,,72.0,67.0,68.0,8.400000000000006,0.0,10.0,6.0,7.0,70.3,68.8,36.5,37.8,82.0,71.0,43.0,48.0,61.0,37.2,34.0,7.0,15.0,19.0,1660.0,,415.0,4.82,10.23,71.0,,49.0,54.0,55.0,57.0,21.200000000000003,0.0,6.0,4.0,9.0,7.0,2829.0,27.0,-8.0,515.0,518.0,477.0,503.0,62.0,62.0,41.0,51.0,54.0,1.0,0.0,-3.0,5.5,0.5,197.0,201.0,229.0,233.0,32.0,48.0,72.0,73.0,56.0,4.0,6.0,23.0,16.0,12.0,IMTP,CMJ W/kg,IMTP,power,
K AP,2023-07-31,23/24,Pre-Season,W,NL,1999,81.8,178.0,1.8,2.99,,4.49,60.0,85.0,,70.0,72.0,3.4000000000000057,21.0,0.0,9.0,11.0,57.2,56.6,,,43.0,36.0,,,40.0,0.0,-1.0,0.0,0.0,0.0,1483.0,18.1295843520782,408.0,4.99,,55.0,92.0,46.0,61.0,,64.0,5.200000000000003,32.0,3.0,11.0,0.0,14.0,,,0.0,459.0,470.0,452.0,465.875,49.0,51.0,34.0,41.0,44.0,-12.0,-11.0,-10.0,-4.5,-9.5,,,,,,,,,,0.0,0.0,0.0,0.0,0.0,AD Mx F 60 L,WG Ppeak W/kg,hip,endurance,
K AP,2024-08-07,24/25,Pre-Season,W,NL,1999,82.1,178.0,1.82,,4.15,4.43,55.0,,73.0,78.0,69.0,0.0,0.0,11.0,17.0,8.0,64.0,67.3,40.7,36.8,63.0,66.0,62.0,43.0,58.0,18.200000000000003,29.0,26.0,10.0,16.0,1615.0,,424.0,5.3,11.6,67.0,,53.0,74.0,87.0,70.0,17.200000000000003,0.0,10.0,24.0,41.0,20.0,2628.0,17.0,-18.0,492.0,537.0,501.0,496.0,57.0,66.0,48.0,49.0,55.0,-4.0,4.0,4.0,3.5,1.5,215.0,237.0,193.0,197.0,40.0,62.0,53.0,58.0,53.0,12.0,20.0,4.0,1.0,9.0,IMTP,WG Pavg W/kg,IMTP,endurance,
L AQ,2023-04-24,23/24,Pre-Season,D,Prospect,2005,79.4,179.0,1.79,3.0,,4.56,62.0,83.0,,61.0,69.0,5.400000000000006,19.0,0.0,0.0,8.0,57.7,,,,44.0,,,,44.0,0.0,0.0,0.0,0.0,2.0,1083.0,13.7,375.0,4.72,,17.0,40.0,33.0,50.0,,35.0,-28.200000000000003,-20.0,-10.0,0.0,0.0,-11.0,,,0.0,,,,,,,,,,0.0,0.0,0.0,0.0,0.0,,,,,,,,,,0.0,0.0,0.0,0.0,0.0,WG Ppeak,20m Off,endurance,speed,
L AQ,2023-07-31,23/24,Pre-Season,D,Prospect,2005,81.3,179.0,1.79,3.03,,4.62,62.0,77.0,,53.0,64.0,5.400000000000006,13.0,0.0,-8.0,3.0,54.7,54.3,,,35.0,30.0,,,32.0,-5.0,-7.0,0.0,0.0,-3.0,1375.0,16.9126691266913,,,,45.0,78.0,,,,62.0,-0.2000000000000028,18.0,0.0,0.0,0.0,12.0,,,0.0,554.0,566.0,372.0,345.375,70.0,72.0,12.0,10.0,41.0,9.0,10.0,-32.0,-35.5,-12.5,,,,,,,,,,0.0,0.0,0.0,0.0,0.0,AB Mx F 60 R,WG Ppeak W/kg,hip,endurance,
L AQ,2024-04-22,24/25,Pre-Season,D,Prospect,2005,81.9,179.5,1.79,,4.22,4.5,62.0,,65.0,69.0,65.0,5.400000000000006,0.0,3.0,8.0,4.0,51.2,52.0,30.9,32.2,25.0,23.0,16.0,20.0,21.0,-15.0,-14.0,-20.0,-13.0,-14.0,1392.0,,400.0,4.88,9.63,46.0,,43.0,57.0,41.0,47.0,0.0,0.0,0.0,7.0,-5.0,0.0,3097.0,41.0,6.0,576.25,611.0,401.75,356.75,75.0,82.0,20.0,13.0,48.0,14.0,20.0,-24.0,-32.5,-5.5,166.0,183.0,193.0,224.0,19.0,41.0,53.0,69.0,46.0,-9.0,-1.0,4.0,12.0,2.0,AB Mx F 60 R,AD Mx F 60 R,power,IMTP,
L AQ,2024-06-24,24/25,Pre-Season,D,Prospect,2005,83.8,179.5,1.81,,4.23,4.57,57.0,,64.0,59.0,60.0,0.4000000000000057,0.0,2.0,-2.0,0.0,53.2,55.6,36.4,34.6,31.0,33.0,42.0,32.0,34.0,-9.0,-4.0,6.0,-1.0,-1.0,1540.0,,,,10.82,60.0,,,,69.0,64.0,10.200000000000005,0.0,0.0,0.0,23.0,14.0,3150.0,44.0,9.0,539.0,611.0,414.0,403.0,67.0,82.0,24.0,25.0,50.0,6.0,20.0,-20.0,-20.5,-3.5,165.0,196.0,207.0,233.0,19.0,46.0,60.0,73.0,50.0,-9.0,4.0,11.0,16.0,6.0,AB Mx F 60 R,WG Pavg W/kg,hip,endurance,
L AQ,2024-08-07,24/25,Pre-Season,D,Prospect,2005,78.8,179.0,1.74,,4.11,4.61,75.0,,78.0,54.0,69.0,18.40000000000001,0.0,16.0,-7.0,8.0,55.1,56.8,35.6,34.3,36.0,37.0,38.0,30.0,35.0,-4.0,0.0,2.0,-3.0,0.0,1392.0,,363.0,4.55,9.96,46.0,,28.0,43.0,49.0,42.0,0.0,0.0,-15.0,-7.0,3.0,-4.0,3102.0,41.0,6.0,564.0,538.0,396.0,383.0,73.0,66.0,19.0,20.0,44.0,12.0,4.0,-25.0,-25.5,-9.5,163.0,184.0,201.0,250.0,18.0,41.0,57.0,80.0,49.0,-10.0,-1.0,8.0,23.0,5.0,AB Mx F 60 R,SH Ext R,hip,speed,
M AR,2023-04-24,23/24,Pre-Season,D,NL,1990,86.0,189.0,1.8,3.06,,4.48,60.0,70.0,,72.0,67.0,3.4000000000000057,6.0,0.0,11.0,6.0,,,,,,,,,,0.0,0.0,0.0,0.0,0.0,,,,,,,,,,,,0.0,0.0,0.0,0.0,0.0,0.0,,,0.0,,,,,,,,,,0.0,0.0,0.0,0.0,0.0,,,,,,,,,,0.0,0.0,0.0,0.0,0.0,30m Off,5_10_5,power,speed,
M AR,2023-07-31,23/24,Pre-Season,D,NL,1990,88.0,189.5,1.77,3.06,,4.5,67.0,70.0,,69.0,69.0,10.400000000000006,6.0,0.0,8.0,8.0,58.1,56.7,,,45.0,36.0,,,40.0,0.2000000000000028,-1.0,0.0,0.0,0.0,1267.0,14.3977272727273,399.0,4.64,,34.0,49.0,43.0,47.0,,43.0,-11.200000000000005,-11.0,0.0,-3.0,0.0,-3.0,,,0.0,391.0,430.0,457.0,433.375,34.0,43.0,36.0,33.0,36.0,-27.0,-19.0,-8.0,-12.5,-17.5,,,,,,,,,,0.0,0.0,0.0,0.0,0.0,AD Mx F 60 L,10m Off,hip,speed,
M AR,2024-04-22,24/25,Pre-Season,D,NL,1990,90.6,189.0,1.76,,4.24,4.73,70.0,,63.0,38.0,57.0,13.400000000000006,0.0,1.0,-23.0,0.0,57.9,56.7,33.1,39.4,45.0,36.0,27.0,55.0,41.0,0.2000000000000028,-1.0,-9.0,22.0,0.0,1526.0,,359.0,4.48,8.95,59.0,,26.0,40.0,25.0,38.0,9.200000000000005,0.0,-17.0,-10.0,-21.0,-8.0,2646.0,18.0,-17.0,523.0,539.0,520.0,545.0,64.0,66.0,53.0,61.0,61.0,3.0,4.0,9.0,15.5,7.5,211.0,213.0,168.0,182.0,38.0,53.0,40.0,52.0,46.0,10.0,11.0,-9.0,-5.0,2.0,5_10_5,SL CMJ R,IMTP,hip,
M AR,2024-06-24,24/25,Pre-Season,D,NL,1990,90.6,189.0,1.88,,4.37,4.56,40.0,,48.0,61.0,50.0,-12.0,0.0,-14.0,0.0,-7.0,57.6,59.4,35.6,36.4,44.0,44.0,38.0,41.0,42.0,0.0,7.0,2.0,8.0,0.0,1558.0,,,,9.67,62.0,,,,42.0,52.0,12.200000000000005,0.0,0.0,0.0,-4.0,2.0,2857.0,29.0,-6.0,540.0,519.0,555.0,533.0,67.0,62.0,63.0,58.0,62.0,6.0,0.0,19.0,12.5,8.5,182.0,171.0,174.0,203.0,26.0,36.0,43.0,61.0,42.0,-2.0,-6.0,-6.0,4.0,-2.0,30m Off,AB Mx F 60 L,speed,hip,
M AR,2024-08-07,24/25,Pre-Season,D,NL,1990,88.9,189.5,1.94,,4.42,4.53,25.0,,42.0,65.0,44.0,-27.0,0.0,-20.0,4.0,-13.0,63.0,60.0,35.0,35.5,60.0,46.0,36.0,36.0,44.0,15.200000000000005,9.0,0.0,3.0,2.0,1558.0,,369.0,4.18,9.67,62.0,,30.0,27.0,42.0,40.0,12.200000000000005,0.0,-13.0,-23.0,-4.0,-6.0,2904.0,31.0,-4.0,540.0,519.0,555.0,533.0,67.0,62.0,63.0,58.0,62.0,6.0,0.0,19.0,12.5,8.5,232.0,182.0,179.0,174.0,47.0,41.0,45.0,49.0,46.0,19.0,-1.0,-4.0,-8.0,2.0,10m Off,AB Mx F 60 L,speed,hip,
N AS,2024-08-07,24/25,Pre-Season,C,NL,2001,78.7,183.5,1.67,,4.02,4.5,92.0,,88.0,69.0,83.0,35.400000000000006,0.0,26.0,8.0,22.0,64.5,76.3,40.9,46.7,64.0,92.0,63.0,92.0,78.0,19.200000000000003,55.0,27.0,59.0,36.0,1417.0,,363.0,4.65,10.92,48.0,,28.0,47.0,71.0,48.0,0.0,0.0,-15.0,-3.0,25.0,0.0,2709.0,21.0,-14.0,526.0,532.0,519.0,503.0,64.0,65.0,53.0,51.0,58.0,3.0,3.0,9.0,5.5,4.5,230.0,212.0,208.0,172.0,46.0,52.0,61.0,48.0,52.0,18.0,10.0,12.0,-9.0,8.0,3min MMP,SL CMJ R,IMTP,power,
O AT,2023-04-24,23/24,Pre-Season,W,NL,2001,87.0,176.0,1.89,3.11,,4.71,38.0,60.0,,41.0,46.0,-14.0,-4.0,0.0,-20.0,-11.0,48.6,,,,17.0,,,,17.0,-23.0,0.0,0.0,0.0,-18.0,1105.0,12.7,406.0,4.72,,19.0,29.0,45.0,50.0,,36.0,-26.200000000000003,-31.0,2.0,0.0,0.0,-10.0,,,0.0,,,,,,,,,,0.0,0.0,0.0,0.0,0.0,,,,,,,,,,0.0,0.0,0.0,0.0,0.0,WG Ppeak W/kg,3min MMP,power,IMTP,
O AT,2023-07-31,23/24,Pre-Season,W,NL,2001,85.8,177.0,1.87,3.14,,4.59,43.0,53.0,,57.0,51.0,-9.0,-11.0,0.0,-4.0,-6.0,49.2,49.5,,,19.0,16.0,,,18.0,-21.0,-21.0,0.0,0.0,-17.0,1431.0,16.6783216783217,,,,50.0,75.0,,,,62.0,0.2000000000000028,15.0,0.0,0.0,0.0,12.0,,,0.0,438.0,446.0,398.75,411.5,45.0,46.0,19.0,27.0,34.0,-16.0,-16.0,-25.0,-18.5,-19.5,,,,,,,,,,0.0,0.0,0.0,0.0,0.0,AB Mx F 60 L,WG Ppeak W/kg,hip,endurance,
O AT,2024-04-22,24/25,Pre-Season,W,NL,2001,87.6,177.0,1.8,,4.26,4.65,60.0,,60.0,49.0,56.0,3.4000000000000057,0.0,-2.0,-12.0,-1.0,49.1,47.9,31.1,32.5,18.0,12.0,17.0,21.0,17.0,-22.0,-25.0,-19.0,-12.0,-18.0,1250.0,,428.0,4.88,9.32,33.0,,55.0,57.0,34.0,45.0,-12.200000000000005,0.0,12.0,7.0,-12.0,-1.0,2722.0,22.0,-13.0,442.0,442.0,398.25,417.25,46.0,45.0,19.0,29.0,35.0,-15.0,-17.0,-25.0,-16.5,-18.5,195.0,181.0,169.0,172.0,31.0,40.0,40.0,48.0,40.0,3.0,-2.0,-9.0,-9.0,-4.0,SJ W/kg,3min MMP,hip,speed,
O AT,2024-06-24,24/25,Pre-Season,W,NL,2001,87.6,177.0,,,,,,,,,,0.0,0.0,0.0,0.0,0.0,,46.7,,,,8.0,,,8.0,0.0,-29.0,0.0,0.0,-27.0,,,,,,,,,,,,0.0,0.0,0.0,0.0,0.0,0.0,,,0.0,,,,,,,,,,0.0,0.0,0.0,0.0,0.0,,,,,,,,,,0.0,0.0,0.0,0.0,0.0,SJ W/kg,10m Off,power,speed,
O AT,2024-08-07,24/25,Pre-Season,W,NL,2001,86.0,177.0,,,,,,,,,,0.0,0.0,0.0,0.0,0.0,,,,,,,,,,0.0,0.0,0.0,0.0,0.0,,,447.0,5.15,,,,62.0,68.0,,65.0,0.0,0.0,19.0,18.0,0.0,15.0,,,0.0,275.0,271.0,379.0,393.0,8.0,8.0,14.0,22.0,13.0,-53.0,-54.0,-30.0,-23.5,-40.5,213.0,200.0,164.0,183.0,39.0,47.0,38.0,52.0,44.0,11.0,5.0,-11.0,-5.0,0.0,AD Mx F 60 R,3min MMP,hip,endurance,
P AU,2023-04-24,23/24,Pre-Season,C,NL,1997,84.7,182.0,1.78,3.01,,4.54,65.0,81.0,,63.0,70.0,8.400000000000006,17.0,0.0,2.0,9.0,62.1,,,,57.0,,,,57.0,12.200000000000005,0.0,0.0,0.0,15.0,1041.0,12.3,321.0,3.79,,13.0,24.0,10.0,11.0,,14.0,-32.2,-36.0,-33.0,-39.0,0.0,-32.0,,,0.0,,,,,,,,,,0.0,0.0,0.0,0.0,0.0,,,,,,,,,,0.0,0.0,0.0,0.0,0.0,3min W/kg,20m Off,endurance,power,
P AU,2023-07-31,23/24,Pre-Season,C,NL,1997,85.4,182.5,1.83,3.07,,4.51,52.0,68.0,,67.0,62.0,0.0,4.0,0.0,6.0,1.0,60.2,63.3,,,51.0,55.0,,,53.0,6.200000000000003,18.0,0.0,0.0,11.0,1308.0,15.3161592505855,335.0,3.94,,38.0,59.0,16.0,17.0,,32.0,-7.200000000000003,-1.0,-27.0,-33.0,0.0,-14.0,,,0.0,404.0,461.0,428.75,441.75,37.0,49.0,28.0,35.0,37.0,-24.0,-13.0,-16.0,-10.5,-16.5,,,,,,,,,,0.0,0.0,0.0,0.0,0.0,3min W/kg,SJ W/kg,hip,power,
P AU,2024-04-22,24/25,Pre-Season,C,NL,1997,82.0,183.0,1.78,,4.2,4.63,65.0,,67.0,51.0,61.0,8.400000000000006,0.0,5.0,-10.0,0.0,60.5,60.0,35.0,37.5,52.0,46.0,36.0,46.0,45.0,7.200000000000003,9.0,0.0,13.0,3.0,1295.0,,360.0,4.46,9.86,37.0,,26.0,39.0,46.0,37.0,-8.200000000000003,0.0,-17.0,-11.0,0.0,-9.0,2769.0,24.0,-11.0,438.0,449.25,527.75,506.0,45.0,47.0,55.0,51.0,50.0,-16.0,-15.0,11.0,5.5,-3.5,192.0,174.0,168.0,160.0,30.0,37.0,40.0,43.0,38.0,2.0,-5.0,-9.0,-14.0,-6.0,3min MMP,SL CMJ R,IMTP,power,
P AU,2024-06-24,24/25,Pre-Season,C,NL,1997,82.6,183.0,1.78,,4.17,4.59,65.0,,71.0,57.0,64.0,8.400000000000006,0.0,9.0,-4.0,3.0,58.6,60.1,44.7,40.4,47.0,46.0,81.0,60.0,58.0,2.200000000000003,9.0,45.0,27.0,16.0,1308.0,,,,10.56,38.0,,,,63.0,50.0,-7.200000000000003,0.0,0.0,0.0,17.0,0.0,3137.0,43.0,8.0,444.0,483.0,514.0,534.0,46.0,54.0,52.0,59.0,53.0,-15.0,-8.0,8.0,13.5,-0.5,199.0,202.0,155.0,173.0,33.0,48.0,33.0,48.0,40.0,5.0,6.0,-16.0,-9.0,-4.0,SH Ext L,SL CMJ L,shoulder,power,
P AU,2024-08-07,24/25,Pre-Season,C,NL,1997,81.1,183.5,1.78,,4.2,4.53,65.0,,67.0,65.0,66.0,8.400000000000006,0.0,5.0,4.0,5.0,58.6,60.5,38.7,40.3,47.0,47.0,53.0,60.0,52.0,2.200000000000003,10.0,17.0,27.0,10.0,1456.0,,375.0,4.65,10.52,52.0,,33.0,47.0,62.0,48.0,2.200000000000003,0.0,-10.0,-3.0,16.0,0.0,3009.0,37.0,2.0,474.0,510.0,521.0,529.0,53.0,60.0,54.0,57.0,56.0,-8.0,-2.0,10.0,11.5,2.5,160.0,168.0,237.0,220.0,17.0,35.0,76.0,68.0,49.0,-11.0,-7.0,27.0,11.0,5.0,SH Int L,SL CMJ R,endurance,power,
Q AV,2024-08-07,24/25,Pre-Season,W,NL,1990,92.1,182.0,1.88,,4.36,4.72,40.0,,49.0,39.0,43.0,-12.0,0.0,-13.0,-22.0,-14.0,59.9,55.7,33.5,34.7,51.0,34.0,29.0,32.0,36.0,6.200000000000003,-3.0,-7.0,-1.0,0.0,1372.0,,437.0,4.75,9.16,44.0,,58.0,51.0,30.0,46.0,-1.2000000000000028,0.0,15.0,1.0,-16.0,0.0,2997.0,36.0,1.0,577.0,575.0,456.0,429.0,76.0,74.0,35.0,32.0,54.0,15.0,12.0,-9.0,-13.5,0.5,173.0,162.0,174.0,198.0,22.0,33.0,43.0,59.0,39.0,-6.0,-9.0,-6.0,2.0,-5.0,5_10_5,3min MMP,speed,IMTP,
R AW,2023-04-24,23/24,Pre-Season,W,Prospect,2003,92.0,195.0,1.77,3.05,,4.7,67.0,72.0,,42.0,60.0,10.400000000000006,8.0,0.0,-19.0,0.0,54.1,,,,33.0,,,,33.0,-7.0,0.0,0.0,0.0,-2.0,,,417.0,4.53,,,,50.0,42.0,,46.0,0.0,0.0,7.0,-8.0,0.0,0.0,,,0.0,,,,,,,,,,0.0,0.0,0.0,0.0,0.0,,,,,,,,,,0.0,0.0,0.0,0.0,0.0,5_10_5,10m Off,power,speed,
R AW,2023-07-31,23/24,Pre-Season,W,Prospect,2003,92.5,195.0,1.86,3.13,,4.63,45.0,55.0,,51.0,50.0,-7.0,-9.0,0.0,-10.0,-7.0,53.1,64.3,,,30.0,58.0,,,44.0,-10.0,21.0,0.0,0.0,2.0,1462.0,15.8054054054054,463.0,5.01,,53.0,65.0,69.0,62.0,,62.0,3.200000000000003,5.0,26.0,12.0,0.0,12.0,,,0.0,439.0,422.0,528.625,530.625,45.0,41.0,56.0,58.0,50.0,-16.0,-21.0,12.0,12.5,-3.5,,,,,,,,,,0.0,0.0,0.0,0.0,0.0,AD Mx F 60 R,3min MMP,speed,endurance,
R AW,2024-04-22,24/25,Pre-Season,W,Prospect,2003,,,,,,,,,,,,0.0,0.0,0.0,0.0,0.0,53.5,,,,32.0,,,,32.0,-8.0,0.0,0.0,0.0,-3.0,1424.0,,454.0,4.85,9.81,49.0,,65.0,55.0,45.0,54.0,0.0,0.0,22.0,5.0,-1.0,4.0,,,0.0,,,,,,,,,,0.0,0.0,0.0,0.0,0.0,,,,,,,,,,0.0,0.0,0.0,0.0,0.0,CMJ W/kg,3min MMP,power,endurance,
R AW,2024-06-24,24/25,Pre-Season,W,Prospect,2003,94.1,195.0,1.9,,4.39,4.55,35.0,,45.0,62.0,47.0,-17.0,0.0,-17.0,1.0,-10.0,50.6,51.3,33.6,33.4,23.0,21.0,29.0,26.0,25.0,-17.0,-16.0,-7.0,-7.0,-10.0,1531.0,,,,9.62,59.0,,,,41.0,50.0,9.200000000000005,0.0,0.0,0.0,-5.0,0.0,3142.0,44.0,9.0,502.0,489.0,535.0,559.0,59.0,56.0,58.0,65.0,60.0,-2.0,-6.0,14.0,19.5,6.5,143.0,189.0,176.0,198.0,10.0,43.0,44.0,59.0,39.0,-18.0,1.0,-5.0,2.0,-5.0,SH Int L,AB Mx F 60 R,power,IMTP,
R AW,2024-08-07,24/25,Pre-Season,W,Prospect,2003,93.2,195.0,1.93,,4.39,4.67,28.0,,45.0,46.0,40.0,-24.0,0.0,-17.0,-15.0,-17.0,57.4,55.7,42.7,43.7,43.0,34.0,72.0,77.0,56.0,0.0,-3.0,36.0,44.0,14.0,1544.0,,476.0,5.06,9.63,60.0,,74.0,64.0,41.0,60.0,10.200000000000005,0.0,31.0,14.0,-5.0,10.0,3322.0,53.0,18.0,471.0,448.0,556.0,565.0,52.0,47.0,63.0,67.0,57.0,-9.0,-15.0,19.0,21.5,3.5,223.0,194.0,215.0,203.0,43.0,45.0,65.0,61.0,54.0,15.0,3.0,16.0,4.0,10.0,10m Off,SL CMJ R,speed,IMTP,
S ALo,2023-07-31,23/24,Pre-Season,W,Prospect,2002,80.9,182.0,1.81,3.1,,4.47,57.0,62.0,,73.0,64.0,0.4000000000000057,-2.0,0.0,12.0,3.0,51.5,51.1,,,26.0,21.0,,,24.0,-14.0,-16.0,0.0,0.0,-11.0,1336.0,16.5142150803461,,,,41.0,73.0,,,,57.0,-4.200000000000003,13.0,0.0,0.0,0.0,7.0,,,0.0,504.0,487.0,359.25,362.25,59.0,55.0,8.0,14.0,34.0,-2.0,-7.0,-36.0,-31.5,-19.5,,,,,,,,,,0.0,0.0,0.0,0.0,0.0,AB Mx F 60 L,WG Ppeak W/kg,hip,endurance,
S ALo,2024-08-07,24/25,Pre-Season,W,Prospect,2002,86.0,183.0,1.75,,4.21,4.5,72.0,,66.0,69.0,69.0,15.400000000000006,0.0,4.0,8.0,8.0,48.0,49.9,31.3,30.8,15.0,17.0,18.0,13.0,16.0,-25.0,-20.0,-18.0,-20.0,-19.0,1502.0,,440.0,5.64,10.12,56.0,,59.0,88.0,52.0,64.0,6.200000000000003,0.0,16.0,38.0,6.0,14.0,2962.0,34.0,-1.0,597.0,589.0,434.0,407.0,80.0,77.0,29.0,26.0,53.0,19.0,15.0,-15.0,-19.5,-0.5,213.0,166.0,135.0,185.0,39.0,34.0,22.0,53.0,37.0,11.0,-8.0,-27.0,-4.0,-7.0,SH Ext L,3min W/kg,power,endurance,
T AY,2023-04-24,23/24,Pre-Season,D,NL,1998,,176.5,1.95,3.22,,4.42,23.0,36.0,,80.0,46.0,-29.0,-28.0,0.0,19.0,-11.0,59.5,,,,49.0,,,,49.0,4.200000000000003,0.0,0.0,0.0,7.0,1249.0,16.0,,,,33.0,67.0,,,,50.0,-12.200000000000005,7.0,0.0,0.0,0.0,0.0,,,0.0,,,,,,,,,,0.0,0.0,0.0,0.0,0.0,,,,,,,,,,0.0,0.0,0.0,0.0,0.0,10m Off,5_10_5,speed,power,
T AY,2023-07-31,23/24,Pre-Season,D,NL,1998,77.4,176.5,1.95,3.16,,4.43,23.0,49.0,,78.0,50.0,-29.0,-15.0,0.0,17.0,-7.0,59.0,60.9,,,48.0,48.0,,,48.0,3.200000000000003,11.0,0.0,0.0,6.0,1324.0,17.1059431524548,367.0,4.72,,40.0,80.0,29.0,50.0,,50.0,-5.200000000000003,20.0,-14.0,0.0,0.0,0.0,,,0.0,580.0,573.0,485.0,509.375,76.0,74.0,44.0,52.0,62.0,15.0,12.0,0.0,6.5,8.5,,,,,,,,,,0.0,0.0,0.0,0.0,0.0,10m Off,WG Ppeak W/kg,speed,hip,
T AY,2024-04-22,24/25,Pre-Season,D,NL,1998,,,,,,,,,,,,0.0,0.0,0.0,0.0,0.0,58.0,,,,45.0,,,,45.0,0.2000000000000028,0.0,0.0,0.0,3.0,,,371.0,,,,,31.0,,,31.0,0.0,0.0,-12.0,0.0,0.0,-15.0,,,0.0,,,,,,,,,,0.0,0.0,0.0,0.0,0.0,,,,,,,,,,0.0,0.0,0.0,0.0,0.0,endurance,power,endurance,power,
T AY,2024-06-24,24/25,Pre-Season,D,NL,1998,77.6,176.5,1.92,,4.44,4.36,30.0,,40.0,88.0,53.0,-22.0,0.0,-22.0,27.0,-4.0,54.4,55.0,36.5,36.0,34.0,32.0,43.0,39.0,37.0,-6.0,-5.0,7.0,6.0,0.0,1333.0,,,,10.7,41.0,,,,66.0,54.0,-4.200000000000003,0.0,0.0,0.0,20.0,4.0,2773.0,24.0,-11.0,563.0,540.0,493.0,518.0,72.0,67.0,46.0,55.0,60.0,11.0,5.0,2.0,9.5,6.5,165.0,161.0,188.0,184.0,19.0,32.0,50.0,53.0,38.0,-9.0,-10.0,1.0,-4.0,-6.0,10m Off,5_10_5,IMTP,hip,
T AY,2024-08-07,24/25,Pre-Season,D,NL,1998,78.5,176.5,1.97,,4.42,4.36,18.0,,42.0,88.0,49.0,-34.0,0.0,-20.0,27.0,-8.0,56.7,58.1,30.5,34.2,41.0,40.0,14.0,30.0,31.0,0.0,3.0,-22.0,-3.0,-4.0,1372.0,,380.0,4.91,10.58,44.0,,35.0,58.0,63.0,50.0,-1.2000000000000028,0.0,-8.0,8.0,17.0,0.0,2708.0,21.0,-14.0,589.0,556.0,490.0,467.0,78.0,70.0,45.0,41.0,58.0,17.0,8.0,1.0,-4.5,4.5,155.0,176.0,217.0,195.0,15.0,38.0,66.0,57.0,44.0,-13.0,-4.0,17.0,0.0,0.0,10m Off,5_10_5,IMTP,hip,
U AZ,2024-08-07,24/25,Pre-Season,C,NL,1992,99.7,192.0,1.87,,4.28,4.68,43.0,,58.0,45.0,49.0,-9.0,0.0,-4.0,-16.0,-8.0,52.3,53.1,31.0,32.6,28.0,26.0,17.0,22.0,23.0,-12.0,-11.0,-19.0,-11.0,-12.0,1570.0,,458.0,4.63,10.16,63.0,,67.0,46.0,53.0,57.0,13.200000000000005,0.0,24.0,-4.0,7.0,7.0,2906.0,31.0,-4.0,552.0,584.0,481.0,526.0,70.0,76.0,42.0,57.0,61.0,9.0,14.0,-2.0,11.5,7.5,262.0,189.0,196.0,172.0,59.0,43.0,55.0,48.0,51.0,31.0,1.0,6.0,-9.0,7.0,SL CMJ L,SH Int L,power,hip,
V BA,2023-07-31,23/24,Pre-Season,G,NL,1999,90.4,182.0,1.9,3.17,,4.78,35.0,47.0,,31.0,38.0,-17.0,-17.0,0.0,-30.0,-19.0,51.8,53.2,,,26.0,27.0,,,26.0,-14.0,-10.0,0.0,0.0,-9.0,987.0,10.92,366.0,4.02,,8.0,8.0,29.0,21.0,,16.0,-37.2,-52.0,-14.0,-29.0,0.0,-30.0,,,0.0,,,,,,,,,,0.0,0.0,0.0,0.0,0.0,,,,,,,,,,0.0,0.0,0.0,0.0,0.0,WG Ppeak W/kg,30m Off,endurance,IMTP,
V BA,2024-08-07,24/25,Pre-Season,G,NL,1999,87.7,182.0,,,,,,,,,,0.0,0.0,0.0,0.0,0.0,,,,,,,,,,0.0,0.0,0.0,0.0,0.0,1476.0,,446.0,5.19,9.65,54.0,,62.0,70.0,42.0,57.0,4.200000000000003,0.0,19.0,20.0,-4.0,7.0,,,0.0,360.0,389.0,437.0,485.0,27.0,34.0,30.0,46.0,34.0,-34.0,-28.0,-14.0,0.5,-19.5,259.0,226.0,222.0,277.0,58.0,58.0,68.0,92.0,69.0,30.0,16.0,19.0,35.0,25.0,AD Mx F 60 L,SH Ext R,hip,shoulder,
W BB,2023-07-31,23/24,Pre-Season,W,NL,2000,88.4,181.0,1.88,3.18,,4.61,40.0,45.0,,54.0,46.0,-12.0,-19.0,0.0,-7.0,-11.0,57.1,59.9,,,42.0,45.0,,,44.0,0.0,8.0,0.0,0.0,2.0,1366.0,15.4524886877828,,,,44.0,61.0,,,,52.0,-1.2000000000000028,1.0,0.0,0.0,0.0,2.0,,,0.0,427.0,454.0,414.0,404.0,42.0,48.0,24.0,25.0,35.0,-19.0,-14.0,-20.0,-20.5,-18.5,,,,,,,,,,0.0,0.0,0.0,0.0,0.0,AB Mx F 60 R,SJ W/kg,hip,power,
W BB,2024-08-07,24/25,Pre-Season,W,NL,2000,88.8,181.0,1.84,,4.44,4.68,50.0,,40.0,45.0,45.0,-2.0,0.0,-22.0,-16.0,-12.0,57.8,61.9,34.4,29.9,44.0,51.0,33.0,8.0,34.0,0.0,14.0,-3.0,-25.0,-1.0,1432.0,,427.0,4.84,8.79,50.0,,54.0,55.0,22.0,45.0,0.2000000000000028,0.0,11.0,5.0,-24.0,-1.0,2977.0,35.0,0.0,431.0,455.0,404.0,429.0,43.0,48.0,21.0,32.0,36.0,-18.0,-14.0,-23.0,-13.5,-17.5,158.0,161.0,169.0,191.0,16.0,32.0,40.0,56.0,36.0,-12.0,-10.0,-9.0,-1.0,-8.0,SL CMJ R,SJ W/kg,hip,IMTP,
X BC,2023-04-24,23/24,Pre-Season,W,NL,1997,73.5,174.5,1.81,3.03,,4.44,57.0,77.0,,77.0,70.0,0.4000000000000057,13.0,0.0,16.0,9.0,60.3,,,,52.0,,,,52.0,7.200000000000003,0.0,0.0,0.0,10.0,,,318.0,4.33,,,,9.0,34.0,,22.0,0.0,0.0,-34.0,-16.0,0.0,-24.0,,,0.0,,,,,,,,,,0.0,0.0,0.0,0.0,0.0,,,,,,,,,,0.0,0.0,0.0,0.0,0.0,3min MMP,5_10_5,endurance,power,
X BC,2023-07-31,23/24,Pre-Season,W,NL,1997,75.5,174.5,1.75,2.99,,4.4,72.0,85.0,,82.0,80.0,15.400000000000006,21.0,0.0,21.0,19.0,61.3,63.8,,,55.0,56.0,,,56.0,10.200000000000005,19.0,0.0,0.0,14.0,1350.0,17.8807947019868,401.0,5.31,,42.0,89.0,43.0,75.0,,62.0,-3.200000000000003,29.0,0.0,25.0,0.0,12.0,,,0.0,471.0,464.0,449.25,460.25,52.0,50.0,34.0,40.0,44.0,-9.0,-12.0,-10.0,-5.5,-9.5,,,,,,,,,,0.0,0.0,0.0,0.0,0.0,AD Mx F 60 R,WG Ppeak W/kg,hip,speed,
X BC,2024-04-22,24/25,Pre-Season,W,NL,1997,80.5,174.5,1.8,,4.13,4.51,60.0,,75.0,67.0,67.0,3.4000000000000057,0.0,13.0,6.0,6.0,63.5,58.4,37.7,34.7,61.0,41.0,48.0,32.0,46.0,16.200000000000003,4.0,12.0,-1.0,4.0,1434.0,,401.0,5.01,10.14,50.0,,43.0,62.0,53.0,52.0,0.2000000000000028,0.0,0.0,12.0,7.0,2.0,2470.0,8.0,-27.0,526.0,506.0,527.0,514.0,64.0,59.0,55.0,53.0,58.0,3.0,-3.0,11.0,7.5,4.5,187.0,185.0,205.0,204.0,28.0,42.0,59.0,61.0,48.0,0.0,0.0,10.0,4.0,4.0,IMTP,CMJ W/kg,IMTP,speed,
X BC,2024-06-24,24/25,Pre-Season,W,NL,1997,79.0,174.5,1.74,,4.14,4.44,75.0,,74.0,77.0,75.0,18.40000000000001,0.0,12.0,16.0,14.0,61.0,59.3,35.6,33.9,54.0,44.0,38.0,28.0,41.0,9.200000000000005,7.0,2.0,-5.0,0.0,1501.0,,,,10.64,56.0,,,,64.0,60.0,6.200000000000003,0.0,0.0,0.0,18.0,10.0,2658.0,18.0,-17.0,522.0,514.0,488.0,493.0,63.0,61.0,44.0,48.0,54.0,2.0,-1.0,0.0,2.5,0.5,210.0,202.0,234.0,206.0,38.0,48.0,75.0,62.0,56.0,10.0,6.0,26.0,5.0,12.0,IMTP,SH Ext L,IMTP,speed,
X BC,2024-08-07,24/25,Pre-Season,W,NL,1997,77.7,174.5,1.82,,4.13,4.41,55.0,,75.0,81.0,70.0,0.0,0.0,13.0,20.0,9.0,62.6,59.5,36.0,33.3,59.0,44.0,40.0,25.0,42.0,14.200000000000005,7.0,4.0,-8.0,0.0,1579.0,,402.0,5.17,10.87,64.0,,44.0,69.0,70.0,62.0,14.200000000000005,0.0,1.0,19.0,24.0,12.0,2517.0,11.0,-24.0,515.0,502.0,500.0,510.0,62.0,58.0,48.0,52.0,55.0,1.0,-4.0,4.0,6.5,1.5,191.0,192.0,191.0,191.0,30.0,44.0,52.0,56.0,46.0,2.0,2.0,3.0,-1.0,2.0,IMTP,WG Pavg W/kg,IMTP,endurance,
Y AS,2023-04-24,23/24,Pre-Season,W,NL,1990,81.3,181.0,1.83,3.11,,4.58,52.0,60.0,,58.0,57.0,0.0,-4.0,0.0,-3.0,0.0,60.5,,,,52.0,,,,52.0,7.200000000000003,0.0,0.0,0.0,10.0,1107.0,13.7,353.0,4.36,,20.0,40.0,24.0,35.0,,30.0,-25.200000000000003,-20.0,-19.0,-15.0,0.0,-16.0,,,0.0,,,,,,,,,,0.0,0.0,0.0,0.0,0.0,,,,,,,,,,0.0,0.0,0.0,0.0,0.0,WG Ppeak,power,endurance,power,
Y AS,2023-07-31,23/24,Pre-Season,W,NL,1990,85.0,182.0,1.78,2.96,,4.56,65.0,92.0,,61.0,73.0,8.400000000000006,28.0,0.0,0.0,12.0,66.7,59.3,,,71.0,44.0,,,58.0,26.200000000000003,7.0,0.0,0.0,16.0,1300.0,,401.0,4.67,,38.0,,43.0,48.0,,43.0,-7.200000000000003,0.0,0.0,-2.0,0.0,-3.0,,,0.0,475.0,492.0,553.625,574.625,53.0,56.0,63.0,69.0,60.0,-8.0,-6.0,19.0,23.5,6.5,,,,,,,,,,0.0,0.0,0.0,0.0,0.0,AD Mx F 60 L,20m Off,endurance,power,
Y AS,2024-04-22,24/25,Pre-Season,W,NL,1990,83.9,181.0,1.7,,4.1,4.55,84.0,,79.0,62.0,75.0,27.40000000000001,0.0,17.0,1.0,14.0,66.1,58.4,40.3,42.0,69.0,41.0,61.0,68.0,60.0,24.200000000000003,4.0,25.0,35.0,18.0,1269.0,,379.0,4.57,9.32,35.0,,34.0,44.0,34.0,37.0,-10.200000000000005,0.0,-9.0,-6.0,-12.0,-9.0,3128.0,43.0,8.0,407.0,438.25,574.0,576.0,38.0,45.0,68.0,69.0,55.0,-23.0,-17.0,24.0,23.5,1.5,185.0,181.0,202.0,191.0,27.0,40.0,58.0,56.0,45.0,-1.0,-2.0,9.0,-1.0,1.0,AD Mx F 60 L,SL CMJ R,endurance,power,
Y AS,2024-06-24,24/25,Pre-Season,W,NL,1990,83.9,181.0,1.8,,4.15,4.47,60.0,,73.0,73.0,69.0,3.4000000000000057,0.0,11.0,12.0,8.0,64.1,62.9,43.8,41.5,63.0,54.0,77.0,66.0,65.0,18.200000000000003,17.0,41.0,33.0,23.0,1369.0,,,,10.41,44.0,,,,59.0,52.0,-1.2000000000000028,0.0,0.0,0.0,13.0,2.0,2983.0,35.0,0.0,500.0,518.0,641.0,655.0,58.0,62.0,87.0,90.0,74.0,-3.0,0.0,43.0,44.5,20.5,166.0,176.0,196.0,208.0,19.0,38.0,55.0,63.0,44.0,-9.0,-4.0,6.0,6.0,0.0,SH Int L,AB Mx F 60 R,IMTP,power,
Y AS,2024-08-07,24/25,Pre-Season,W,NL,1990,84.9,181.0,1.8,,4.14,4.5,60.0,,74.0,69.0,68.0,3.4000000000000057,0.0,12.0,8.0,7.0,59.5,60.3,40.7,41.5,49.0,47.0,62.0,66.0,56.0,4.200000000000003,10.0,26.0,33.0,14.0,1299.0,,375.0,4.52,8.51,37.0,,33.0,42.0,15.0,32.0,-8.200000000000003,0.0,-10.0,-8.0,-31.0,-14.0,3149.0,44.0,9.0,491.0,525.0,657.0,650.0,56.0,63.0,92.0,89.0,75.0,-5.0,1.0,48.0,43.5,21.5,183.0,190.0,196.0,227.0,26.0,44.0,55.0,71.0,49.0,-2.0,2.0,6.0,14.0,5.0,WG Pavg W/kg,AB Mx F 60 L,endurance,hip,
Z BE,2023-04-24,23/24,Pre-Season,W,NL,1991,104.3,183.5,1.99,3.35,,4.87,13.0,8.0,,19.0,13.0,-39.0,-56.0,0.0,-42.0,-44.0,45.7,,,,8.0,,,,8.0,-32.0,0.0,0.0,0.0,-27.0,1177.0,11.3,510.0,4.89,,26.0,13.0,88.0,57.0,,46.0,-19.200000000000003,-47.0,45.0,7.0,0.0,0.0,,,0.0,,,,,,,,,,0.0,0.0,0.0,0.0,0.0,,,,,,,,,,0.0,0.0,0.0,0.0,0.0,20m Off,3min MMP,speed,endurance,
Z BE,2023-07-31,23/24,Pre-Season,W,NL,1991,105.0,184.5,1.87,3.16,,4.62,43.0,49.0,,53.0,48.0,-9.0,-15.0,0.0,-8.0,-9.0,51.7,50.3,,,26.0,18.0,,,22.0,-14.0,-19.0,0.0,0.0,-13.0,1501.0,14.2952380952381,517.0,4.92,,56.0,47.0,91.0,58.0,,63.0,6.200000000000003,-13.0,48.0,8.0,0.0,13.0,,,0.0,617.0,656.0,537.75,597.75,84.0,92.0,58.0,75.0,77.0,23.0,30.0,14.0,29.5,23.5,,,,,,,,,,0.0,0.0,0.0,0.0,0.0,SJ W/kg,3min MMP,power,hip,
Z BE,2024-04-22,24/25,Pre-Season,W,NL,1991,104.9,185.0,1.91,,4.52,4.83,33.0,,30.0,24.0,29.0,-19.0,0.0,-32.0,-37.0,-28.0,53.2,48.2,30.4,31.4,31.0,13.0,14.0,16.0,18.0,-9.0,-24.0,-22.0,-17.0,-17.0,1569.0,,480.0,4.85,8.21,63.0,,76.0,55.0,8.0,50.0,13.200000000000005,0.0,33.0,5.0,-38.0,0.0,3749.0,75.0,40.0,649.25,651.5,563.75,561.0,92.0,91.0,66.0,66.0,79.0,31.0,29.0,22.0,20.5,25.5,236.0,298.0,253.0,264.0,49.0,85.0,85.0,86.0,76.0,21.0,43.0,36.0,29.0,32.0,WG Pavg W/kg,SH Int R,speed,IMTP,
Z BE,2024-06-24,24/25,Pre-Season,W,NL,1991,103.9,185.0,1.85,,4.44,4.75,48.0,,40.0,35.0,41.0,-4.0,0.0,-22.0,-26.0,-16.0,52.7,49.0,31.0,31.2,29.0,15.0,17.0,15.0,19.0,-11.0,-22.0,-19.0,-18.0,-16.0,1602.0,,,,8.83,66.0,,,,23.0,44.0,16.200000000000003,0.0,0.0,0.0,-23.0,-2.0,3769.0,76.0,41.0,610.0,629.0,601.0,593.0,83.0,86.0,76.0,74.0,80.0,22.0,24.0,32.0,28.5,26.5,234.0,307.0,218.0,236.0,48.0,89.0,66.0,74.0,69.0,20.0,47.0,17.0,17.0,25.0,5_10_5,SH Int R,power,IMTP,
Z BE,2024-08-07,24/25,Pre-Season,W,NL,1991,102.2,184.5,1.84,,4.29,4.56,50.0,,57.0,61.0,56.0,-2.0,0.0,-5.0,0.0,-1.0,56.0,50.0,32.3,31.3,39.0,18.0,23.0,15.0,24.0,-1.0,-19.0,-13.0,-18.0,-11.0,1725.0,,518.0,5.1,9.86,77.0,,92.0,66.0,46.0,70.0,27.200000000000003,0.0,49.0,16.0,0.0,20.0,3765.0,76.0,41.0,624.0,621.0,521.0,517.0,86.0,84.0,54.0,54.0,70.0,25.0,22.0,10.0,8.5,16.5,265.0,280.0,245.0,251.0,61.0,78.0,81.0,81.0,75.0,33.0,36.0,32.0,24.0,31.0,SJ W/kg,3min MMP,power,IMTP,
